<keymap version="1" name="Sublimeish" parent="Mac OS X 10.5+">
  <action id="ChangesView.Diff" />
  <action id="ChangesView.GroupBy.Directory" />
  <action id="CompareTwoFiles" />
  <action id="Console.Execute.Multiline" />
  <action id="Console.Jdbc.Execute" />
  <action id="Console.TableResult.CloneRow" />
  <action id="Console.TableResult.CompareCells" />
  <action id="DatabaseView.CopyAction" />
  <action id="Diff.ShowDiff" />
  <action id="Diff.ShowSettingsPopup" />
  <action id="DirDiffMenu.SynchronizeDiff.All" />
  <action id="EditorChooseLookupItemCompleteStatement" />
  <action id="EditorCompleteStatement" />
  <action id="EditorDuplicate" />
  <action id="EditorSplitLine" />
  <action id="EditorStartNewLine">
    <keyboard-shortcut first-keystroke="meta enter" />
  </action>
  <action id="EditorStartNewLineBefore">
    <keyboard-shortcut first-keystroke="shift meta enter" />
  </action>
  <action id="FileChooser.GotoDesktop" />
  <action id="FileChooser.TogglePathShowing" />
  <action id="ParameterInfo" />
  <action id="Refactorings.QuickListPopupAction">
    <keyboard-shortcut first-keystroke="meta t" />
  </action>
  <action id="ReformatCode">
    <keyboard-shortcut first-keystroke="shift meta l" />
  </action>
  <action id="RunDashboard.CopyConfiguration" />
  <action id="SearchEverywhere">
    <keyboard-shortcut first-keystroke="meta p" />
  </action>
  <action id="SelectNextOccurrence">
    <keyboard-shortcut first-keystroke="meta d" />
  </action>
  <action id="SendEOF" />
  <action id="Uml.ShowDiff" />
  <action id="UnselectPreviousOccurrence">
    <keyboard-shortcut first-keystroke="shift meta d" />
  </action>
  <action id="Vcs.UpdateProject" />
  <action id="ViewSource" />
  <action id="XDebugger.CopyWatch" />
  <action id="openAssertEqualsDiff" />
</keymap>